,name
404,Ian+Chiang
405,Jan+Damery
406,Jeff+Davison
407,James+Desautels
408,Jeromy+Farkas
409,Brad+Field
410,Emile+Gabriel
411,Jyoti+Gondek
412,Paul Michael+Hallelujah
413,Zac+Hartley
414,Larry R.+Heather
415,Dean+Hopkins
416,Kevin J.+Johnston
417,Randall Earl+Kaiser
418,Zaheed Ali+Khan
419,Cory+Lanterman
420,Zane+Novak
421,Teddy+Ogbonna
422,Mizanur+Rahman
423,Geoff+Rainey
424,Adam+Roberts
425,Sunny+Singh
426,Virginia+Stone
427,Will+Vizor
428,Stan The Man+Waciak
429,Shaoli+Wang
430,Grace+Yan
431,Tom+Antonick
432,Chris+Blatch
433,John+Filp
434,Jacob George+Mcgregor
435,Gaz+Qamar
436,Shauna+Sears
437,Sonya+Sharp
438,Larry+Tweedale
439,Steve+Webb
440,Francis+Aranha
441,Joe+Magliocca
442,Sareen+Singh
443,Kim (dong)+Tyers
444,Theo+van Besouw
445,Jennifer+Wyness
446,Hamayun+Akbar
447,Jun+Lin
448,Ian+Mcanerin
449,Jasmine+Mian
450,Gurbir Singh+Nijjar
451,Nate+Pike
452,Kumar+Sharma
453,Brent+Trenholm
454,Sean+Chu
455,Daniel James (DJ)+Kelly
456,Angela+Mcintyre
457,Shane+Roberts
458,Anand James+Chetty
459,Raj+Dhaliwal
460,Tudor+Dinca
461,Tariq+Khan
462,Tahir+Merali
463,Aryan+Sadat
464,Stan+Sandhu
465,Lana+Bentley
466,Duane+Hall
467,Sanjeev+Kad
468,Richard+Pootmans
469,Greg+Amoruso
470,Daria+Bogdanov
471,Matt+Lalonde
472,Heather+Mcrae
473,Marilyn Janie+North Peigan
474,Benjamin+Shepherd
475,Erin+Waite
476,Derek+Williams
477,Terry+Wong
478,Monique+Auffrey
479,Paul+Bergmann
480,Gary+Bobrovitz
481,Yogi+Henderson
482,Madina+Kanayeva
483,Philip+Mitchell
484,Courtney+Walcott
485,Cornelia+Wiebe
486,Natalie+Winkler
487,Gian-Carlo+Carra
488,Kimberly+Feser
489,Abdirizak+Hadi
490,Syed+Hasnain
491,Daymond+Khan
492,Lori+Masse
493,Omar Djalala+M'keyo
494,Derek+Reimer
495,John-William+Wade
496,Naomi+Withers
497,Andre+Chabot
498,Roshan+Chumber
499,Tony+Dinh
500,Carla+Evers
501,Abed+Harb
502,Leslyn+Joseph
503,Mushtaq+Kayani
504,Jasbir (Jesse)+Minhas
505,Issa+Mosa
506,Esther+Sutherland
507,Bud+Thurlow
508,Vance+Bertram
509,Kourtney+Branagan
510,Devin+Defraine
511,Lauren+Herschel
512,Mike+Jamieson
513,Dawid+Pawlowski
514,Geoffrey+Vanderburg
515,Rob+Ward
516,Craig+Chandler
517,John (Chubby Hubby)+Duta
518,Dirk+Fontaine
519,Teresa+Hargreaves
520,Mike+Lavalley
521,Steven+Phan
522,Evan+Spencer
523,Michael+Streilein
524,Diane Marie+Colley-Urquhart
525,Dan+Mclean
526,Jay+Unsworth
527,Stephen+Dabbagh
528,Peter+Demong
529,Andrea+Hinton
530,Anton+Ovtchinnikov
